{"cameraMode":{"drawMode":0,"name":"Shaded","section":"Shading Mode"},"sceneLighting":true,"audioPlay":false,"sceneViewState":{"m_AlwaysRefresh":false,"showFog":true,"showSkybox":true,"showFlares":true,"showImageEffects":true,"showParticleSystems":true,"showVisualEffectGraphs":true,"m_FxEnabled":true},"in2DMode":false,"pivot":{"x":8.915481567382813,"y":10.143611907958985,"z":3.828137159347534},"rotation":{"x":0.0062423222698271278,"y":0.7592697143554688,"z":-0.6507664918899536,"w":0.007267727050930262},"size":21.528797149658204,"orthographic":true}